turn_id,started_at,finished_at,elapsed_seconds,branch,commit_sha,task_summary
1,2026-02-24T20:37:58Z,2026-02-24T20:51:00Z,782,feature/execute-turn-branch,pending,Add turn branch creation to /execute skill
2,2026-02-24T20:56:38Z,2026-02-24T20:58:00Z,82,feature/execute-turn-branch,pending,Change /execute to accept tech-stack.md file
3,2026-02-24T21:19:26Z,2026-02-24T21:20:00Z,34,feature/execute-turn-branch,pending,Change docs/ to specs/ in resolution paths
4,2026-02-24T21:50:29Z,2026-02-24T21:52:00Z,91,feature/execute-turn-branch,pending,Create docs/agents.md with agent reference
5,2026-02-24T22:28:19Z,2026-02-24T22:30:00Z,101,feature/execute-turn-branch,,Created docs/hooks.md - hooks reference documentation
6,2026-02-24T22:35:47Z,2026-02-24T22:42:00Z,373,feature/execute-turn-branch,,Created docs/skills.md - skills reference documentation
7,2026-02-24T22:43:45Z,2026-02-24T22:50:00Z,375,feature/execute-turn-branch,,project-init: scaffolded nextjs+nestjs+drizzle+shadcn monorepo
8,2026-02-24T23:05:24Z,2026-02-24T23:08:00Z,156,feature/execute-turn-branch,,Created makefile-gen skill and generated Makefile
9,2026-02-24T23:14:52Z,2026-02-24T23:18:00Z,188,feature/execute-turn-branch,,Diagnosed and resolved Docker port 5432 conflict
10,2026-02-24T23:41:05Z,2026-02-24T23:41:30Z,25,feature/execute-turn-branch,,Status confirmation - make all working
11,2026-02-25T00:09:24Z,2026-02-25T00:18:00Z,516,feature/execute-turn-branch,,Restructured monorepo: apps/ to app/ + moved config files
12,2026-02-25T00:41:54Z,2026-02-25T01:06:54Z,1500,feature/execute-turn-branch,dd46eb8,Created GPT-5/Codex context optimization doc (docs/update-context-2.md)
13,2026-02-25T01:10:40Z,2026-02-25T01:10:40Z,0,feature/execute-turn-branch,dd46eb8,Added optimize-plan for shrinking CLAUDE.md safely
14,2026-02-25T19:58:20Z,2026-02-25T19:59:42Z,feature/execute-turn-branch,,Created session-context-size skill
15,2026-02-25T20:00:22Z,2026-02-25T20:01:03Z,feature/execute-turn-branch,,Executed session-context-size skill
16,2026-02-25T20:18:33Z,2026-02-25T20:21:07Z,feature/execute-turn-branch,,Removed memory bank integration from skills and agents
17,2026-02-25T21:22:56Z,2026-02-25T21:24:24Z,~3min,feature/execute-turn-branch,,Update docs/skills.md with current skills inventory
18,2026-02-25T21:30:21Z,2026-02-25T21:32:06Z,~4min,feature/execute-turn-branch,,Parsed PRD to generate Media Viewer epic with 19 tasks
19,2026-02-25T21:44:15Z,2026-02-25T21:53:31Z,556,feature/execute-turn-branch,129d7ca,Add turn-level execution tracking for skills and agents
